StationCode,FireDistance,latitude,longitude,Elevation,EcoregionCode,Ecoregion,FIRE_YEAR,FIRE_NAME,FIRE_START,FIRE_CONTAINED,GIS_ACRES,Prox_ID,Type
801S01559,0,34.20984,-117.45726,720.8716349,8e,Southern California Lower Montane Shrub and Woodland,2021,SOUTH,8/25/2021,9/2/2021,810.9694824,202,Fire
801S16169,32.1254818,33.746559,-117.593511,532.1246164,85m,Santa Ana Mountains,2014,SILVERADO,9/12/2014,9/21/2014,959.0129395,289,Fire
801S01523,0,34.09536,-116.98226,1225.76026,8e,Southern California Lower Montane Shrub and Woodland,2020,EL DORADO,9/5/2020,11/16/2020,22503.70703,313,Fire
801S06679,0,34.261882,-117.469381,784.0740376,8e,Southern California Lower Montane Shrub and Woodland,2016,BLUE CUT,8/16/2016,8/26/2016,36266.69531,194,Fire
902S05173,0,33.397108,-117.283647,71.06526088,85m,Santa Ana Mountains,2020,CREEK 5,12/30/2021,12/31/2021,3052.172607,99,Fire
801XXX112,0,34.26140486,-117.46857,787.4357935,8e,Southern California Lower Montane Shrub and Woodland,2016,BLUE CUT,8/16/2016,8/26/2016,36266.69531,194,Fire
403ROBRGC,40.74257461,34.411736,-118.402383,527.0022827,85c,Venturan-Angeleno Coastal Hills,2016,SAND,7/22/2016,8/7/2016,41382.85938,74,Fire
801CYC114,0,34.13646,-117.1897,450.8343909,85k,Inland Valleys,2017,MART,6/27/2017,7/8/2017,669.2086792,90,Fire
801RB8289,0,34.28610533,-117.4533817,871.0631525,8c,Arid Montane Slopes,2016,BLUE CUT,8/16/2016,8/26/2016,36266.69531,194,Fire
801CJW041,0,34.29548257,-117.4588136,882.6986913,8c,Arid Montane Slopes,2016,BLUE CUT,8/16/2016,8/26/2016,36266.69531,194,Fire
801HBC050,54.49947376,34.156261,-116.793138,2067.425004,8f,Southern California Montane Conifer Forest,2015,LAKE,6/17/2015,12/31/2015,31284.44141,281,Fire
801RB8618,29.07795401,34.16124,-116.80664,2017.957842,8f,Southern California Montane Conifer Forest,2015,LAKE,6/17/2015,12/31/2015,31284.44141,281,Fire
719BMCPRE,0,34.03657,-116.56747,714.4585682,14b,Eastern Mojave Low Ranges and Arid Footslopes,2017,MATZ,5/29/2017,5/30/2017,14.05736351,35,Fire
801PFB019,0,33.91151139,-117.612863,161.1373935,85k,Inland Valleys,2015,HIGHWAY,4/18/2015,4/24/2015,1048.689331,171,Fire
405BRCAMS,0,34.2738,-117.899,781.1934761,8e,Southern California Lower Montane Shrub and Woodland,2020,BOBCAT,9/6/2020,10/19/2020,115997.9766,187,Fire
801CJW027,0,34.30652261,-117.4703207,922.2618841,8c,Arid Montane Slopes,2016,BLUE CUT,8/16/2016,8/26/2016,36266.69531,194,Fire
801MIC370,0,34.10012888,-117.0232024,1002.954186,8e,Southern California Lower Montane Shrub and Woodland,2020,EL DORADO,9/5/2020,11/16/2020,22503.70703,313,Fire
801RB8483,25.87952547,34.25114,-117.45662,747.5795909,8e,Southern California Lower Montane Shrub and Woodland,2021,ROADSIDE,8/28/2021,9/9/2021,66.2401886,194,Fire
801RB8511,0,33.73535,-117.65601,332.0328007,85f,Diegan Coastal Hills and Valleys,2020,BOND,12/3/2020,12/7/2020,6681.098633,315,Fire
626PS1195,0,34.45460936,-118.017196,1039.274913,8c,Arid Montane Slopes,2020,BOBCAT,9/6/2020,10/19/2020,115997.9766,4,Fire
628GVCB010,0,34.3126,-117.2645,1017.836602,8c,Arid Montane Slopes,2016,PILOT,8/7/2016,NA,8110.85498,332,Fire
P1-CW-RCRCD,0,33.753631,-117.495807,421.4599019,85m,Santa Ana Mountains,2018,HOLY,8/6/2018,10/17/2018,23025.39648,149,Fire
P3-CW-RCRCD,0,33.751156,-117.49965,451.8254553,85m,Santa Ana Mountains,2018,HOLY,8/6/2018,10/17/2018,23025.39648,149,Fire
P4-CW-RCRCD,0,33.749057,-117.50478,496.0828696,85m,Santa Ana Mountains,2018,HOLY,8/6/2018,10/17/2018,23025.39648,149,Fire
P2-CW-RCRCD,0,33.75155,-117.498668,441.96967,85m,Santa Ana Mountains,2018,HOLY,8/6/2018,10/17/2018,23025.39648,149,Fire
P5-CW-RCRCD,0,33.752282,-117.497764,436.932862,85m,Santa Ana Mountains,2018,HOLY,8/6/2018,10/17/2018,23025.39648,149,Fire
801M16739,0,34.2720811,-117.4523397,824.5525619,8e,Southern California Lower Montane Shrub and Woodland,2016,BLUE CUT,8/16/2016,8/26/2016,36266.69531,194,Fire
405BRCASG,0,34.24092305,-117.8844943,520.6555144,8e,Southern California Lower Montane Shrub and Woodland,2020,BOBCAT,9/6/2020,10/19/2020,115997.9766,342,Fire
412S04204,0,34.2036,-118.0185,597.9731237,8e,Southern California Lower Montane Shrub and Woodland,2020,BOBCAT,9/6/2020,10/19/2020,115997.9766,350,Fire
626PS0827,22.80323698,34.38649699,-117.8249858,1503.970439,8c,Arid Montane Slopes,2020,BOBCAT,9/6/2020,10/19/2020,115997.9766,15,Fire
801WE1132,0,34.13332,-116.84289,2476.444582,8f,Southern California Montane Conifer Forest,2015,LAKE,6/17/2015,12/31/2015,31284.44141,55,Fire
801WBC106,0,34.15508,-116.88528,2165.059138,8f,Southern California Montane Conifer Forest,2015,LAKE,6/17/2015,12/31/2015,31284.44141,34,Fire
901ATCAAS,0,33.68264,-117.50159,634.7131256,85m,Santa Ana Mountains,2018,HOLY,8/6/2018,10/17/2018,23025.39648,318,Fire
801CYC398,0,34.13646,-117.18965,450.9543909,85k,Inland Valleys,2017,MART,6/27/2017,7/8/2017,669.2086792,90,Fire
801LL0001,0,34.272969,-117.465228,847.59136,8c,Arid Montane Slopes,2016,BLUE CUT,8/16/2016,8/26/2016,36266.69531,194,Fire
405S03280,15.74212723,34.25685641,-117.8565274,596.8553575,8e,Southern California Lower Montane Shrub and Woodland,2015,CABIN,8/14/2015,9/2/2015,1461.84436,311,Fire
626PS0171,0,34.44752,-118.01537,1051.461055,8c,Arid Montane Slopes,2020,BOBCAT,9/6/2020,10/19/2020,115997.9766,4,Fire
EFMNTCR2,0,34.12139,-116.9786,1630.8655,8e,Southern California Lower Montane Shrub and Woodland,2020,EL DORADO,9/5/2020,11/16/2020,22503.70703,313,Fire
902MS4034,0.045797467,33.5475,-117.172,328.8397645,85k,Inland Valleys,2014,SANTA,6/4/2014,6/5/2014,13.35748196,105,Control
801TSC887,0.021279869,33.7644,-117.467,303.7654332,85k,Inland Valleys,2018,HOLY,8/6/2018,10/17/2018,23025.39648,121,Control
801S01671,0.001637331,34.16963,-116.82558,1931.391602,8f,Southern California Montane Conifer Forest,2015,LAKE,6/17/2015,12/31/2015,31284.44141,281,Control
801S01655,0.006971229,34.0805,-117.06359,761.3906823,85k,Inland Valleys,2020,MENTONE,10/12/2020,10/13/2020,47.2725296,321,Control
801S06231,0.006244264,34.232986,-117.430198,681.464543,8e,Southern California Lower Montane Shrub and Woodland,2018,KENBROOK,9/26/2018,10/15/2018,51.38762283,201,Control
902RW4022,0.028289604,33.5462,-117.214,328.2425893,85k,Inland Valleys,2019,TENAJA,9/4/2019,9/14/2019,1939.535767,81,Control
481S05856,0.009809342,34.191524,-117.676019,845.8180353,8e,Southern California Lower Montane Shrub and Woodland,2018,SAN,11/2/2018,11/7/2018,14.01696682,241,Control
11-332,0.037801938,33.411997,-117.1609,322.3670245,85m,Santa Ana Mountains,2016,TEMECULA,6/5/2016,6/7/2016,139.9618073,99,Control
SMR-MLS-2,0.001822838,33.398142,-117.26273,91.4688,85m,Santa Ana Mountains,2020,CREEK 5,12/30/2021,12/31/2021,3052.172607,99,Control
801RB8167,0.013648014,34.16334294,-117.1807885,646.2281677,8e,Southern California Lower Montane Shrub and Woodland,2017,HIDDEN,7/12/2017,7/18/2017,45.84431458,82,Control
901CSCADC,0.028808949,33.49366,-117.43071,505.3819613,85m,Santa Ana Mountains,2021,CHAPARRAL,8/28/2021,9/9/2021,1427.292969,322,Control
902SMADO2,0.015107329,33.5131,-117.26808,558.5480045,85m,Santa Ana Mountains,2019,TENAJA,9/4/2019,9/14/2019,1939.535767,65,Control
801MHC219,0.00591182,34.11304012,-116.9865885,1331.122257,8e,Southern California Lower Montane Shrub and Woodland,2020,EL DORADO,9/5/2020,11/16/2020,22503.70703,313,Control
628CRB001,0.060709665,34.25885,-117.08406,1813.556847,8f,Southern California Montane Conifer Forest,2015,GREEN,6/4/2015,6/8/2015,3.370711565,162,Control
801NLC105,0.004555272,34.25272629,-117.4926202,977.1638055,8e,Southern California Lower Montane Shrub and Woodland,2016,BLUE CUT,8/16/2016,8/26/2016,36266.69531,202,Control
628DEPSED,0.028294633,34.34143,-117.17791,1102.907559,8c,Arid Montane Slopes,2016,PILOT,8/7/2016,NA,8110.85498,186,Control
719MISSCK,0.032377973,34.00778,-116.62242,695.4766959,14b,Eastern Mojave Low Ranges and Arid Footslopes,2017,FAIRVIEW,6/1/2017,6/1/2017,25.65859795,123,Control
403VVALGC,0.012457341,34.383987,-118.565292,397.7758081,85c,Venturan-Angeleno Coastal Hills,2016,SAGE FIRE,7/9/2016,7/16/2016,850.8892822,83,Control
801RB8478,0.014179297,34.173584,-116.945505,1498.471156,8e,Southern California Lower Montane Shrub and Woodland,2020,EL DORADO,9/5/2020,11/16/2020,22503.70703,235,Control
801RB8240,0.024279273,34.167551,-117.086676,1181.76757,8e,Southern California Lower Montane Shrub and Woodland,2020,MOUNT R,7/3/2020,7/6/2020,61.77012634,203,Control
628PSW035,0.01743569,34.27893,-117.32485,1029,8e,Southern California Lower Montane Shrub and Woodland,2017,SILVER,7/4/2017,7/6/2017,12.00792885,323,Control
719WWRI10,0.009020121,33.925195,-116.635953,413.8867863,81e,Upper Coachella Valley and Hills,2017,WINDMILLS,6/27/2017,6/27/2017,12.69855499,243,Control
801RB8254,0.02524423,34.174708,-116.983509,1380.947936,8e,Southern California Lower Montane Shrub and Woodland,2020,EL DORADO,9/5/2020,11/16/2020,22503.70703,163,Control
801LCMFAS,0.017629344,34.2495,-117.51898,1046.682018,8e,Southern California Lower Montane Shrub and Woodland,2016,BLUE CUT,8/16/2016,8/26/2016,36266.69531,202,Control
SandiaCk_BCD,0.018772919,33.4546,-117.2513,233.6203353,85m,Santa Ana Mountains,2022,SANDIA,9/4/2022,9/5/2022,29.2310276,324,Control
LEP3,0.022739744,33.66614,-117.36596,380,85k,Inland Valleys,2018,HOLY,8/6/2018,10/17/2018,23025.39648,276,Control
Fallbrook_Hawthorne,0.01153936,33.342229,-117.239601,146.2587863,85f,Diegan Coastal Hills and Valleys,2014,TOMAHAWK,5/19/2014,NA,5365.311035,252,Control
VMT01,0.019628347,33.40957,-117.21373,151.2750158,85m,Santa Ana Mountains,2018,ROCK 5,7/28/2018,8/2/2018,206.2568054,99,Control
7-396,0.006967525,34.2952,-118.416,364.241222,85d,Los Angeles Plain,2017,CREEK,12/5/2017,12/5/2017,15619.14648,156,Control
RBC06,0.027660601,33.40859,-117.20523,172.1807998,85m,Santa Ana Mountains,2018,ROCK 5,7/28/2018,8/2/2018,206.2568054,99,Control
Fallbrook_MCDON,0.008484087,33.371482,-117.252117,209.8139532,85f,Diegan Coastal Hills and Valleys,2014,TOMAHAWK,5/19/2014,NA,5365.311035,25,Control
HST01,0.031034676,33.41526,-117.15204,319.5254327,85m,Santa Ana Mountains,2016,TEMECULA,6/5/2016,6/7/2016,139.9618073,99,Control
CT_MS4-SMG-063,0.042635842,33.40928,-117.16562,316.0436031,85m,Santa Ana Mountains,2016,TEMECULA,6/5/2016,6/7/2016,139.9618073,99,Control
CT_MS4-SMG-024,0.004549633,33.37201,-117.25603,200.6695219,85f,Diegan Coastal Hills and Valleys,2014,TOMAHAWK,5/19/2014,NA,5365.311035,25,Control
P1-4,0.013568709,34.2482,-116.9034,2059.954417,8f,Southern California Montane Conifer Forest,2015,SUMMIT3,8/23/2015,9/20/2015,55.59500122,46,Control
CT_MS4-SLR-161,0.017375897,33.35095,-117.23756,163.4615863,85f,Diegan Coastal Hills and Valleys,2014,TOMAHAWK,5/19/2014,NA,5365.311035,252,Control
902RW4143,0.060350612,33.4831,-117.077,339.7303519,85k,Inland Valleys,2016,CHECKPOINT,7/18/2016,7/18/2016,10.14399338,137,Control
RCFC_1084,0.048700902,33.5211,-117.1244,357.8490335,85k,Inland Valleys,2014,SANTA,6/4/2014,6/5/2014,13.35748196,261,Control
CT_HST01,0.031034676,33.41526,-117.15204,319.5254327,85m,Santa Ana Mountains,2016,TEMECULA,6/5/2016,6/7/2016,139.9618073,99,Control
RCFC_902MS41032,0.060816716,33.5521,-117.1361,339.8475092,85k,Inland Valleys,2014,SANTA,6/4/2014,6/5/2014,13.35748196,245,Control
801BBRC02,0.017135343,34.2300916,-116.8597218,2162.250533,8f,Southern California Montane Conifer Forest,2022,RADFORD,9/5/2022,11/9/2022,1079.279175,198,Control
801M15547,0.051433783,34.23493739,-116.9584904,2149.026146,8f,Southern California Montane Conifer Forest,2015,SUMMIT3,8/23/2015,9/20/2015,55.59500122,126,Control
628MRWSLO,0.007605501,34.30994,-117.31678,966.2875904,14j,Western Mojave Basins,2022,HESPERIA,6/6/2022,6/9/2022,96.88597107,246,Control
801M15584,0.008113151,33.93355424,-117.6426958,154.562122,85k,Inland Valleys,2018,EUCLID,6/13/2018,6/23/2018,156.3772583,309,Control
628PS2127,0.027449757,34.27555,-117.31134,1046.755332,8e,Southern California Lower Montane Shrub and Woodland,2016,PILOT,8/7/2016,NA,8110.85498,323,Control
801BBMC01,0.030061549,34.2386173,-116.9366572,2064.038424,8f,Southern California Montane Conifer Forest,2015,SUMMIT3,8/23/2015,9/20/2015,55.59500122,46,Control
801M15560,0.018096942,33.94388072,-117.659452,156.7977783,85k,Inland Valleys,2020,BLUE RIDGE,10/26/2020,11/2/2020,13694.53223,309,Control
801LYC600,0.014647254,34.23092,-117.48291,840.1764755,8e,Southern California Lower Montane Shrub and Woodland,2016,BLUE CUT,8/16/2016,8/26/2016,36266.69531,202,Control
801M15447,0.006465696,34.1669067,-116.88835,1982.362586,8f,Southern California Montane Conifer Forest,2020,EL DORADO,9/5/2020,11/16/2020,22503.70703,34,Control
901S00469,0.029975152,33.52999,-117.408551,345.4842796,85m,Santa Ana Mountains,2021,CHAPARRAL,8/28/2021,9/9/2021,1427.292969,18,Control
801LYC271,0.014616068,34.22931,-117.47362,805.6200023,8e,Southern California Lower Montane Shrub and Woodland,2016,BLUE CUT,8/16/2016,8/26/2016,36266.69531,202,Control
801SAMI1x,0.018670519,34.0827,-116.8937,1835.818953,8f,Southern California Montane Conifer Forest,2020,EL DORADO,9/5/2020,11/16/2020,22503.70703,114,Control
801BBL706,0.050172263,34.2571373,-116.9513419,2059,8f,Southern California Montane Conifer Forest,2015,SUMMIT3,8/23/2015,9/20/2015,55.59500122,22,Control
628DEPDHS,0.00787879,34.34078,-117.20949,992.7546447,8c,Arid Montane Slopes,2016,PILOT,8/7/2016,NA,8110.85498,247,Control
801WCC247,0.03531139,34.18771,-117.18359,773.0541987,8e,Southern California Lower Montane Shrub and Woodland,2017,HIDDEN,7/12/2017,7/18/2017,45.84431458,82,Control
801BBL703,0.023370409,34.2577822,-116.8966339,2059,8f,Southern California Montane Conifer Forest,2015,SUMMIT3,8/23/2015,9/20/2015,55.59500122,46,Control
801BBMC02,0.02784748,34.233167,-116.934933,2105.192382,8f,Southern California Montane Conifer Forest,2015,SUMMIT3,8/23/2015,9/20/2015,55.59500122,46,Control
801BBL673,0.029364038,34.2600851,-116.884886,2060.263042,8f,Southern California Montane Conifer Forest,2015,SUMMIT3,8/23/2015,9/20/2015,55.59500122,46,Control
FRDCR1,0.001691094,34.17305,-117.1295,991.2868787,8e,Southern California Lower Montane Shrub and Woodland,2018,CREEK,6/30/2018,7/20/2018,32.70470047,280,Control
902M20273,0.010241166,33.40282,-117.25509,100.7216646,85m,Santa Ana Mountains,2020,CREEK 5,12/30/2021,12/31/2021,3052.172607,99,Control
CRBCR1,0.060785095,34.25956,-117.0844,1811.582162,8f,Southern California Montane Conifer Forest,2015,GREEN,6/4/2015,6/8/2015,3.370711565,162,Control
CT_MS4-SMG-057,0.026884863,33.42026,-117.15324,325.3926588,85m,Santa Ana Mountains,2016,TEMECULA,6/5/2016,6/7/2016,139.9618073,99,Control
HMLCR1,0.042370135,34.1684,-117.0655,1157.398702,8e,Southern California Lower Montane Shrub and Woodland,2020,MOUNT R,7/3/2020,7/6/2020,61.77012634,203,Control
801ETC226,0.003216141,34.19146,-117.27421,636.8410876,8e,Southern California Lower Montane Shrub and Woodland,2017,MILE,7/31/2017,8/7/2017,67.45030975,305,Control
CRBCR2,0.060637224,34.25863,-117.0839,1815.288006,8f,Southern California Montane Conifer Forest,2015,GREEN,6/4/2015,6/8/2015,3.370711565,162,Control
CT_MS4-SMG-089,0.030937375,33.41532,-117.15192,319.4572906,85m,Santa Ana Mountains,2016,TEMECULA,6/5/2016,6/7/2016,139.9618073,99,Control
CT_MS4-SMG-101,0.021821998,33.42275,-117.14398,333.8235974,85g,Diegan Western Granitic Foothills,2016,TEMECULA,6/5/2016,6/7/2016,139.9618073,99,Control
REF-FC,0.010255905,33.791019,-117.719343,232.1315047,85f,Diegan Coastal Hills and Valleys,2021,WINDY RIDGE,5/26/2021,5/26/2021,1.663294435,49,Control
801CRN040,0.036528402,33.8853,-117.569,178.2344942,85k,Inland Valleys,2020,AIRPORT,12/1/2020,12/13/2020,1085.700073,129,Control
801S08727,0.005453451,34.217107,-117.461789,747.8179805,8e,Southern California Lower Montane Shrub and Woodland,2021,SOUTH,8/25/2021,9/2/2021,810.9694824,202,Control
11-331,0.037360404,33.4120806,-117.160169,319.2926309,85m,Santa Ana Mountains,2016,TEMECULA,6/5/2016,6/7/2016,139.9618073,99,Control
902LMC778,0.009460908,33.47789,-117.14212,302.8650971,85k,Inland Valleys,2016,CHECKPOINT,7/18/2016,7/18/2016,10.14399338,73,Control
801S04471,0.012339306,34.11107,-117.14756,450.1574778,85k,Inland Valleys,2018,KING,8/6/2018,8/10/2018,11.45533466,329,Control
902LTC777,0.004111784,33.47417,-117.13757,300.4976748,85k,Inland Valleys,2016,CHECKPOINT,7/18/2016,7/18/2016,10.14399338,73,Control
801RB8512,0.043218273,34.17309,-117.01221,1131.279601,8e,Southern California Lower Montane Shrub and Woodland,2020,EL DORADO,9/5/2020,11/16/2020,22503.70703,193,Control
801RB8327,0.00753834,34.23325027,-117.4263923,692.1592166,85k,Inland Valleys,2018,KENBROOK,9/26/2018,10/15/2018,51.38762283,201,Control
902TCTCR1,0.065486422,33.48451,-117.06947,343.1100025,85k,Inland Valleys,2016,PALA 3,5/31/2016,7/2/2016,66.19797516,137,Control
801WCC446,0.032979327,34.18555441,-117.1846777,754.1223483,8e,Southern California Lower Montane Shrub and Woodland,2017,HIDDEN,7/12/2017,7/18/2017,45.84431458,82,Control
801S03488,0.069352761,34.248016,-117.626851,1672.449853,8f,Southern California Montane Conifer Forest,2021,ANTONIO,8/3/2021,8/4/2021,49.89997864,265,Control
901S04409,0.051181511,33.603476,-117.453146,450.4486139,85m,Santa Ana Mountains,2018,HOLY,8/6/2018,10/17/2018,23025.39648,50,Control
801RB8533,0.002451874,34.08739809,-117.0427958,866.7545454,85k,Inland Valleys,2015,MILL2,7/12/2015,7/12/2015,53.99769211,313,Control
802LSUMGC,0.046058618,33.648114,-117.31148,380,85k,Inland Valleys,2014,GILLETTE,6/15/2014,6/15/2014,10.03414822,131,Control
902SSMR07,0.004063423,33.31117,-117.34538,23.96275357,85f,Diegan Coastal Hills and Valleys,2014,PULGAS,5/19/2014,NA,15186.14258,51,Control
801SAR168,0.013791173,34.17887,-116.84719,1853.934097,8f,Southern California Montane Conifer Forest,2015,LAKE,6/17/2015,12/31/2015,31284.44141,281,Control
901SJSMT2,0.048934453,33.5497,-117.39619,411.2899646,85m,Santa Ana Mountains,2021,CHAPARRAL,8/28/2021,9/9/2021,1427.292969,18,Control
801RB8467,0.027796973,33.7827,-117.47785,288.4654795,85l,Inland Hills,2017,JAMESON,4/30/2017,5/1/2017,11.77292061,91,Control
719WWRPUS,0.001422419,33.98978,-116.6597,686.037547,8c,Arid Montane Slopes,2020,WATER,8/2/2020,8/2/2020,36.02037811,314,Control
801HNC203,0.024201098,34.18731,-116.91927,1614.397154,8e,Southern California Lower Montane Shrub and Woodland,2020,EL DORADO,9/5/2020,11/16/2020,22503.70703,34,Control
RGT01,0.045596208,33.41107,-117.18569,263.7323641,85m,Santa Ana Mountains,2018,ROCK 5,7/28/2018,8/2/2018,206.2568054,99,Control
7-395,0.00700356,34.2953,-118.416,364.445654,85d,Los Angeles Plain,2017,CREEK,12/5/2017,12/5/2017,15619.14648,156,Control
902CRXFAL,0.018864397,33.446533,-117.339251,196.0294125,85m,Santa Ana Mountains,2020,VOLCANO,8/20/2020,8/22/2020,46.38860703,12,Control
RBC01,0.024565774,33.42042,-117.13571,336.1995683,85g,Diegan Western Granitic Foothills,2016,TEMECULA,6/5/2016,6/7/2016,139.9618073,99,Control
802LEE2,0.023099332,33.6641,-117.3509,380,85k,Inland Valleys,2016,EVERGREEN 2,8/28/2016,8/28/2016,36.15096664,276,Control
MS4-SLR-156,0.023104019,33.35458398,-117.2331319,175.1805072,85f,Diegan Coastal Hills and Valleys,2014,TOMAHAWK,5/19/2014,NA,5365.311035,252,Control
HST02,0.034338687,33.41174,-117.15196,322.0337316,85m,Santa Ana Mountains,2016,TEMECULA,6/5/2016,6/7/2016,139.9618073,99,Control
MS4-SMG-024,0.004114505,33.3720116,-117.2564801,199.0202852,85f,Diegan Coastal Hills and Valleys,2014,TOMAHAWK,5/19/2014,NA,5365.311035,25,Control
CT_MS4-SMG-015,0.00798861,33.37476,-117.25261,203.7352356,85f,Diegan Coastal Hills and Valleys,2014,TOMAHAWK,5/19/2014,NA,5365.311035,25,Control
801M15441,0.014614411,34.2306421,-117.4790685,823.9215911,8e,Southern California Lower Montane Shrub and Woodland,2016,BLUE CUT,8/16/2016,8/26/2016,36266.69531,202,Control
P1-2,0.026268688,33.6753,-117.3674,380.7662654,85k,Inland Valleys,2018,HOLY,8/6/2018,10/17/2018,23025.39648,276,Control
902M20173,0.051617559,33.40528246,-117.1809655,273.5611727,85m,Santa Ana Mountains,2018,ROCK 5,7/28/2018,8/2/2018,206.2568054,99,Control
RCFC_1060,0.043253565,33.59446461,-117.213755,419.1395196,85k,Inland Valleys,2019,TENAJA,9/4/2019,9/14/2019,1939.535767,213,Control
SMR-WGR,0.018854821,33.41709,-117.21176,138.9216623,85m,Santa Ana Mountains,2018,ROCK 5,7/28/2018,8/2/2018,206.2568054,99,Control
RCFC_902MS41061,0.048526555,33.5943,-117.2066,432.1027863,85k,Inland Valleys,2019,TENAJA,9/4/2019,9/14/2019,1939.535767,213,Control
OC_SLR-028,0.021622812,33.25681,-117.32034,15.9635261,85e,Diegan Coastal Terraces,2014,RIVER,5/14/2014,5/19/2014,167.9069519,13,Control
801WE0669,0.054909076,34.23169,-116.99915,1749.886256,8f,Southern California Montane Conifer Forest,2015,GREEN,6/4/2015,6/8/2015,3.370711565,14,Control
801MFC100,0.032576158,34.22644,-116.93895,2234.279653,8f,Southern California Montane Conifer Forest,2015,SUMMIT3,8/23/2015,9/20/2015,55.59500122,46,Control
801BBRC01,0.022111488,34.2531,-116.8873537,2062.177571,8f,Southern California Montane Conifer Forest,2015,SUMMIT3,8/23/2015,9/20/2015,55.59500122,46,Control
802LELD2E,0.023157691,33.6725283,-117.3691376,382.6340002,85k,Inland Valleys,2018,HOLY,8/6/2018,10/17/2018,23025.39648,276,Control
801M15366,0.007709318,34.17281,-117.26687,459.5053679,85k,Inland Valleys,2021,COLDWATER,8/10/2021,8/11/2021,25.10538864,214,Control
901NP9LCC,0.02470422,33.62752,-117.42857,703.2416844,85m,Santa Ana Mountains,2018,HOLY,8/6/2018,10/17/2018,23025.39648,294,Control
801M15559,0.012127132,34.0777376,-116.8766653,1986.549335,8f,Southern California Montane Conifer Forest,2020,APPLE,7/31/2020,11/15/2020,33235.79688,114,Control
801CE0152,0.035422485,34.18777778,-117.1819444,789.4294205,8e,Southern California Lower Montane Shrub and Woodland,2017,MART,6/27/2017,7/8/2017,669.2086792,82,Control
801M15633,0.015004376,34.23387,-117.493,873.5712901,8e,Southern California Lower Montane Shrub and Woodland,2016,BLUE CUT,8/16/2016,8/26/2016,36266.69531,202,Control
628MRWALR,0.001955689,34.33977,-117.25854,925.0632046,14j,Western Mojave Basins,2016,PILOT,8/7/2016,NA,8110.85498,247,Control
628MRW138,0.029547523,34.28471074,-117.3737425,1110.637299,8e,Southern California Lower Montane Shrub and Woodland,2017,SILVER,7/4/2017,7/6/2017,12.00792885,340,Control
801MIC034,0.004722211,34.08909,-116.92669,1578.180727,8f,Southern California Montane Conifer Forest,2020,EL DORADO,9/5/2020,11/16/2020,22503.70703,114,Control
901NP9BWR,0.040460539,33.53063,-117.42908,339.1346205,85m,Santa Ana Mountains,2021,CHAPARRAL,8/28/2021,9/9/2021,1427.292969,18,Control
802LELLB3,0.025109778,33.674164,-117.367954,380.5760512,85k,Inland Valleys,2018,HOLY,8/6/2018,10/17/2018,23025.39648,276,Control
901S02873,0.042781803,33.54344,-117.397393,381.4293479,85m,Santa Ana Mountains,2021,CHAPARRAL,8/28/2021,9/9/2021,1427.292969,18,Control
802LELE2A,0.020447677,33.6627845,-117.3552305,380,85k,Inland Valleys,2016,EVERGREEN 2,8/28/2016,8/28/2016,36.15096664,276,Control
902M20237,0.019705289,33.40947,-117.2137,152.5955147,85m,Santa Ana Mountains,2018,ROCK 5,7/28/2018,8/2/2018,206.2568054,99,Control
CT_MS4-SMG-098,0.017981115,33.42755,-117.14764,345.0271725,85g,Diegan Western Granitic Foothills,2016,TEMECULA,6/5/2016,6/7/2016,139.9618073,99,Control
EFMNTCR1,0.004440201,34.12208,-116.90915,3074.755031,8d,Southern California Subalpine/Alpine,2020,EL DORADO,9/5/2020,11/16/2020,22503.70703,256,Control
CT_MS4-SMG-085,0.033339035,33.41166,-117.1476,318.8900046,85m,Santa Ana Mountains,2016,TEMECULA,6/5/2016,6/7/2016,139.9618073,99,Control
MNTCR2,0.002666682,34.10645,-116.9922,1204.512076,8e,Southern California Lower Montane Shrub and Woodland,2020,EL DORADO,9/5/2020,11/16/2020,22503.70703,313,Control
MTCCR1,0.03246324,34.22628,-116.9388,2236.569077,8f,Southern California Montane Conifer Forest,2015,SUMMIT3,8/23/2015,9/20/2015,55.59500122,46,Control
MLLCR2,0.00077609,34.09171,-116.94237,1467.39938,8e,Southern California Lower Montane Shrub and Woodland,2020,EL DORADO,9/5/2020,11/16/2020,22503.70703,114,Control
CT_MS4-SMG-088,0.028750052,33.41769,-117.15201,320.0805091,85m,Santa Ana Mountains,2016,TEMECULA,6/5/2016,6/7/2016,139.9618073,99,Control
801S00903,0.013234364,34.17832,-116.8473,1860.285958,8f,Southern California Montane Conifer Forest,2015,LAKE,6/17/2015,12/31/2015,31284.44141,281,Control
902RW4193,0.015165868,33.5145,-117.162,312.1067909,85k,Inland Valleys,2014,SANTA,6/4/2014,6/5/2014,13.35748196,97,Control
902MS4289,0.064724416,33.519,-117.094,383.9125466,85k,Inland Valleys,2016,CHECKPOINT,7/18/2016,7/18/2016,10.14399338,57,Control
11-334,0.038062583,33.41197,-117.16136,321.6093312,85m,Santa Ana Mountains,2016,TEMECULA,6/5/2016,6/7/2016,139.9618073,99,Control
801S00791,0.006307756,34.2792,-117.44664,895.702246,8e,Southern California Lower Montane Shrub and Woodland,2016,BLUE CUT,8/16/2016,8/26/2016,36266.69531,194,Control
801S03111,0.063981445,34.245366,-117.610538,1920.946352,8f,Southern California Montane Conifer Forest,2016,BLUE CUT,8/16/2016,8/26/2016,36266.69531,265,Control
902RW4145,0.058432228,33.4832,-117.079,333.2955056,85k,Inland Valleys,2016,CHECKPOINT,7/18/2016,7/18/2016,10.14399338,137,Control
901S06969,0.052249245,33.553349,-117.395796,422.5156985,85m,Santa Ana Mountains,2021,CHAPARRAL,8/28/2021,9/9/2021,1427.292969,18,Control
902MS4021,0.028146213,33.5468,-117.214,328.5252754,85k,Inland Valleys,2019,TENAJA,9/4/2019,9/14/2019,1939.535767,81,Control
801BNC530,0.016490999,34.17799,-116.90613,1757.362433,8f,Southern California Montane Conifer Forest,2020,EL DORADO,9/5/2020,11/16/2020,22503.70703,34,Control
902WVWCR1,0.027910799,33.46006,-117.10767,325.3532091,85k,Inland Valleys,2016,CHECKPOINT,7/18/2016,7/18/2016,10.14399338,338,Control
628MOJ002,0.004385354,34.34462,-117.23852,921.1202705,14j,Western Mojave Basins,2016,PILOT,8/7/2016,NA,8110.85498,247,Control
801RB8339,0.022439051,33.76507,-117.46598,306.0486438,85k,Inland Valleys,2018,HOLY,8/6/2018,10/17/2018,23025.39648,121,Control
902OVRLD1,0.015231267,33.51408,-117.161267,312.6888386,85k,Inland Valleys,2014,SANTA,6/4/2014,6/5/2014,13.35748196,97,Control
801WE1008,0.017808671,34.18128,-116.91197,1684.066149,8f,Southern California Montane Conifer Forest,2020,EL DORADO,9/5/2020,11/16/2020,22503.70703,34,Control
801PRICHN,0.010215196,33.931175,-117.65216,159.8783389,85k,Inland Valleys,2018,EUCLID,6/13/2018,6/23/2018,156.3772583,309,Control
901S04565,0.03324775,33.531606,-117.414154,344.0312712,85m,Santa Ana Mountains,2021,CHAPARRAL,8/28/2021,9/9/2021,1427.292969,18,Control
801RB8380,0.00362348,34.165882,-116.880191,2037.000042,8f,Southern California Montane Conifer Forest,2015,LAKE,6/17/2015,12/31/2015,31284.44141,34,Control
801EEWADD,0.011289174,34.1873,-117.5205,909.9398749,8e,Southern California Lower Montane Shrub and Woodland,2014,ETIWANDA,4/30/2014,NA,2141.84082,299,Control
902RCWGRx,0.03329105,33.40725,-117.19969,184.2160609,85m,Santa Ana Mountains,2018,ROCK 5,7/28/2018,8/2/2018,206.2568054,99,Control
628PS1307,0.006200802,34.34422163,-117.2267984,929.7714558,8c,Arid Montane Slopes,2016,PILOT,8/7/2016,NA,8110.85498,247,Control
628SHP001,0.071339643,34.25364,-117.12391,1598.324432,8f,Southern California Montane Conifer Forest,2020,MOUNT R,7/3/2020,7/6/2020,61.77012634,147,Control
705PCCPCP,0.051935081,34.16679,-116.57254,1453.354653,8c,Arid Montane Slopes,2015,LAKE,6/17/2015,12/31/2015,31284.44141,19,Control
903TMBFAL,0.035597025,33.378002,-117.217569,237.3045525,85f,Diegan Coastal Hills and Valleys,2018,VISTA,6/5/2018,6/6/2018,12.10395336,25,Control
901BELOLV,0.034842596,33.6406,-117.5531,338.7468736,85f,Diegan Coastal Hills and Valleys,2018,JIM,6/5/2018,6/18/2018,0.595499456,219,Control
801WE0674,0.026626429,34.17617,-116.9839,1394.366502,8e,Southern California Lower Montane Shrub and Woodland,2020,EL DORADO,9/5/2020,11/16/2020,22503.70703,163,Control
902WPPIO1,0.035736474,33.48701,-117.10482,332.9636667,85k,Inland Valleys,2016,CHECKPOINT,7/18/2016,7/18/2016,10.14399338,137,Control
MGT01,0.033724127,33.40847,-117.19877,184.9574819,85m,Santa Ana Mountains,2018,ROCK 5,7/28/2018,8/2/2018,206.2568054,99,Control
WGT01,0.029922849,33.40784,-117.20309,177.9017665,85m,Santa Ana Mountains,2018,ROCK 5,7/28/2018,8/2/2018,206.2568054,99,Control
7-397,0.005963838,34.295,-118.415,365.5309587,85d,Los Angeles Plain,2017,CREEK,12/5/2017,12/5/2017,15619.14648,156,Control
MS4-SLR-161,0.017375897,33.35095,-117.23756,163.4615863,85f,Diegan Coastal Hills and Valleys,2014,TOMAHAWK,5/19/2014,NA,5365.311035,252,Control
MS4-SMG-015,0.007110657,33.37459706,-117.253473,202.8925722,85f,Diegan Coastal Hills and Valleys,2014,TOMAHAWK,5/19/2014,NA,5365.311035,25,Control
628WFMB020,0.026117023,34.28635,-117.36972,1076.447359,8e,Southern California Lower Montane Shrub and Woodland,2017,SILVER,7/4/2017,7/6/2017,12.00792885,340,Control
RBC10,0.048768527,33.40696,-117.18344,262.3443863,85m,Santa Ana Mountains,2018,ROCK 5,7/28/2018,8/2/2018,206.2568054,99,Control
LEP1,0.019629336,33.66975,-117.37145,380,85k,Inland Valleys,2018,HOLY,8/6/2018,10/17/2018,23025.39648,276,Control
902WE0888,0.023852232,33.454868,-117.301693,146.190258,85m,Santa Ana Mountains,2015,DELUZ,8/9/2015,8/10/2015,56.08641052,28,Control
801M15479,0.002369453,34.09881883,-117.0262212,970.7128813,8e,Southern California Lower Montane Shrub and Woodland,2020,EL DORADO,9/5/2020,11/16/2020,22503.70703,313,Control
P1-5,0.005798796,34.0891,-116.9247,1593.412673,8f,Southern California Montane Conifer Forest,2020,EL DORADO,9/5/2020,11/16/2020,22503.70703,114,Control
TEM_902MS43038,0.044443762,33.50956621,-117.1159468,356.092359,85k,Inland Valleys,2016,CHECKPOINT,7/18/2016,7/18/2016,10.14399338,261,Control
902SND100,0.042900474,33.49247,-117.24561,333.1614467,85m,Santa Ana Mountains,2019,TENAJA,9/4/2019,9/14/2019,1939.535767,221,Control
REF-TCAS,0.005580006,33.674071,-117.538337,458.3864184,85m,Santa Ana Mountains,2018,JIM,6/5/2018,6/18/2018,0.595499456,141,Control
628MR-URI,0.005304795,34.345493,-117.239245,907.5122873,14j,Western Mojave Basins,2016,PILOT,8/7/2016,NA,8110.85498,247,Control
RBC-WGR,0.030545828,33.40773,-117.20246,176.5026391,85m,Santa Ana Mountains,2018,ROCK 5,7/28/2018,8/2/2018,206.2568054,99,Control
801BBL552,0.015184794,34.24779,-116.91302,2059,8f,Southern California Montane Conifer Forest,2015,SUMMIT3,8/23/2015,9/20/2015,55.59500122,46,Control
801BRC184,0.041581558,34.16546,-117.01553,1086.737635,8e,Southern California Lower Montane Shrub and Woodland,2020,EL DORADO,9/5/2020,11/16/2020,22503.70703,193,Control
801BBGC02,0.063080788,34.275082,-116.954657,2110.108815,8f,Southern California Montane Conifer Forest,2015,SUMMIT3,8/23/2015,9/20/2015,55.59500122,22,Control
901NP9MRC,0.018569597,33.62609,-117.38953,840.8414907,85m,Santa Ana Mountains,2017,CANYON,8/27/2017,8/31/2017,46.90481949,302,Control
628DEPDCL,0.035700958,34.21427,-117.08533,1850.994176,8f,Southern California Montane Conifer Forest,2020,MOUNT R,7/3/2020,7/6/2020,61.77012634,107,Control
481M15356,0.030743851,34.23116,-117.66159,1257.755356,8e,Southern California Lower Montane Shrub and Woodland,2021,ANTONIO,8/3/2021,8/4/2021,49.89997864,182,Control
801BBL678,0.063373929,34.24529,-116.97269,2061.383115,8f,Southern California Montane Conifer Forest,2015,GREEN,6/4/2015,6/8/2015,3.370711565,126,Control
801M15414,0.033729452,34.18647,-117.185479,754.1102298,8e,Southern California Lower Montane Shrub and Woodland,2017,HIDDEN,7/12/2017,7/18/2017,45.84431458,82,Control
801BBL701,0.04671661,34.253647,-116.9492243,2059,8f,Southern California Montane Conifer Forest,2015,SUMMIT3,8/23/2015,9/20/2015,55.59500122,22,Control
801LYC062,0.001223664,34.21257,-117.45844,747.8588801,8e,Southern California Lower Montane Shrub and Woodland,2021,SOUTH,8/25/2021,9/2/2021,810.9694824,202,Control
801MLC057,0.03174193,34.25033,-117.54376,1250.492678,8f,Southern California Montane Conifer Forest,2016,BLUE CUT,8/16/2016,8/26/2016,36266.69531,143,Control
901S01705,0.051963844,33.603698,-117.510004,273.103049,85m,Santa Ana Mountains,2018,HOLY,8/6/2018,10/17/2018,23025.39648,63,Control
628CE0088,0.080023243,34.30583333,-116.9419444,2163.193168,8f,Southern California Montane Conifer Forest,2015,SUMMIT3,8/23/2015,9/20/2015,55.59500122,303,Control
801SARBFC,0.001743111,34.169,-116.8209,1951.845669,8f,Southern California Montane Conifer Forest,2015,LAKE,6/17/2015,12/31/2015,31284.44141,281,Control
USFS_SAR1,0.048849281,34.14234,-117.06923,793.302899,8e,Southern California Lower Montane Shrub and Woodland,2017,BRIDGE 2,7/14/2017,7/14/2017,460.2895813,38,Control
801BBL702,0.025410735,34.2533187,-116.9232659,2059,8f,Southern California Montane Conifer Forest,2015,SUMMIT3,8/23/2015,9/20/2015,55.59500122,46,Control
801M16710,0.03992047,34.25529,-117.57283,1649.654883,8f,Southern California Montane Conifer Forest,2016,BLUE CUT,8/16/2016,8/26/2016,36266.69531,64,Control
CT_MS4-SMG-058,0.021052785,33.42529,-117.15023,329.9593487,85g,Diegan Western Granitic Foothills,2016,TEMECULA,6/5/2016,6/7/2016,139.9618073,99,Control
CT_MS4-SMG-061,0.015171686,33.42964,-117.14484,348.4363288,85g,Diegan Western Granitic Foothills,2016,TEMECULA,6/5/2016,6/7/2016,139.9618073,99,Control
USFS_SAR3,0.002525806,34.16837,-116.81512,1966.33058,8f,Southern California Montane Conifer Forest,2015,LAKE,6/17/2015,12/31/2015,31284.44141,281,Control
CT_MS4-SMG-056,0.030384594,33.41737,-117.15529,318.8225335,85m,Santa Ana Mountains,2016,TEMECULA,6/5/2016,6/7/2016,139.9618073,99,Control
801S01367,0.021754077,34.21451,-117.32889,731.4531468,8e,Southern California Lower Montane Shrub and Woodland,2017,MELVIN,6/25/2017,6/25/2017,2.949138641,225,Control
902RW4035,0.045597622,33.5473,-117.172,328.4840845,85k,Inland Valleys,2014,SANTA,6/4/2014,6/5/2014,13.35748196,105,Control
902RW4033,0.045697545,33.5474,-117.172,328.6619245,85k,Inland Valleys,2014,SANTA,6/4/2014,6/5/2014,13.35748196,105,Control
CT_MS4-SMG002,0.006965068,33.37384,-117.25351,201.3143185,85f,Diegan Coastal Hills and Valleys,2014,TOMAHAWK,5/19/2014,NA,5365.311035,25,Control
902ADB848,0.015120781,33.51302,-117.26858,561.6426482,85m,Santa Ana Mountains,2019,TENAJA,9/4/2019,9/14/2019,1939.535767,65,Control
801S02464,0.054268096,34.24635,-117.64321,1440.132521,8f,Southern California Montane Conifer Forest,2021,ANTONIO,8/3/2021,8/4/2021,49.89997864,265,Control
801S01783,0.004805614,34.19018,-117.27275,607.6528049,8e,Southern California Lower Montane Shrub and Woodland,2017,MILE,7/31/2017,8/7/2017,67.45030975,305,Control
902MS4192,0.01525015,33.5146,-117.162,312.3467909,85k,Inland Valleys,2014,SANTA,6/4/2014,6/5/2014,13.35748196,97,Control
801RB8277,0.015210381,34.19005507,-117.2545166,618.9680473,8e,Southern California Lower Montane Shrub and Woodland,2017,MILE,7/31/2017,8/7/2017,67.45030975,305,Control
901S04309,0.030403663,33.474861,-117.466052,154.9173065,85m,Santa Ana Mountains,2017,JARDINE,6/16/2017,6/16/2017,20.19441605,26,Control
801RB8448,0.02275092,34.182094,-116.946531,1583.843775,8e,Southern California Lower Montane Shrub and Woodland,2020,EL DORADO,9/5/2020,11/16/2020,22503.70703,235,Control
628PS1179,0.036531918,34.339,-117.1669,1121.396545,8c,Arid Montane Slopes,2016,PILOT,8/7/2016,NA,8110.85498,186,Control
801CCWFAC,0.037753319,34.1902,-117.18227,811.7810965,8e,Southern California Lower Montane Shrub and Woodland,2017,MART,6/27/2017,7/8/2017,669.2086792,82,Control
903OLVFAL,0.008764839,33.333281,-117.244562,161.1035689,85f,Diegan Coastal Hills and Valleys,2014,TOMAHAWK,5/19/2014,NA,5365.311035,252,Control
901DCCSMC,0.029016957,33.473036,-117.4659043,153.6369787,85m,Santa Ana Mountains,2017,JARDINE,6/16/2017,6/16/2017,20.19441605,26,Control
801PLC362,0.013917306,34.23874593,-117.497814,923.4224051,8e,Southern California Lower Montane Shrub and Woodland,2016,BLUE CUT,8/16/2016,8/26/2016,36266.69531,202,Control
801EAGNGC,0.033389866,33.804076,-117.53532,363.0197779,85m,Santa Ana Mountains,2017,JAMESON,4/30/2017,5/1/2017,11.77292061,347,Control
801RB8607,0.019705806,34.18269,-116.8662,1793.10428,8f,Southern California Montane Conifer Forest,2015,LAKE,6/17/2015,12/31/2015,31284.44141,281,Control
628PS1039,0.08238587,34.26462998,-117.1253841,1477.97864,8f,Southern California Montane Conifer Forest,2020,MOUNT R,7/3/2020,7/6/2020,61.77012634,147,Control
628DEP001,0.048238263,34.21949,-117.07175,1915.405728,8f,Southern California Montane Conifer Forest,2020,MOUNT R,7/3/2020,7/6/2020,61.77012634,107,Control
902LTRED1,0.041556378,33.47582,-117.09464,331.6840934,85k,Inland Valleys,2016,CHECKPOINT,7/18/2016,7/18/2016,10.14399338,137,Control
801CCPT12,0.018331692,33.94016,-117.65427,159.3265761,85k,Inland Valleys,2018,EUCLID,6/13/2018,6/23/2018,156.3772583,309,Control
7-398,0.005890712,34.2948,-118.415,364.8572307,85d,Los Angeles Plain,2017,CREEK,12/5/2017,12/5/2017,15619.14648,156,Control
628HUSV01,0.034418244,34.242443,-117.280112,1397.706229,8f,Southern California Montane Conifer Forest,2016,PILOT,8/7/2016,NA,8110.85498,268,Control
802LELLB2,0.024066133,33.67332,-117.36861,382.4233673,85k,Inland Valleys,2018,HOLY,8/6/2018,10/17/2018,23025.39648,276,Control
SMG06,0.018231648,33.41056,-117.21477,141.9969338,85m,Santa Ana Mountains,2018,ROCK 5,7/28/2018,8/2/2018,206.2568054,99,Control
628LDCB002,0.003274071,34.34217,-117.233387,922.2313286,8c,Arid Montane Slopes,2016,PILOT,8/7/2016,NA,8110.85498,247,Control
SMC03401,0.01673371,33.45137,-117.30845,143.1090334,85m,Santa Ana Mountains,2015,DELUZ,8/9/2015,8/10/2015,56.08641052,28,Control
MS4-SMG-062,0.006974164,33.37365268,-117.2534843,201.1581045,85f,Diegan Coastal Hills and Valleys,2014,TOMAHAWK,5/19/2014,NA,5365.311035,25,Control
RVT02,0.024640663,33.42126,-117.14983,324.0441806,85m,Santa Ana Mountains,2016,TEMECULA,6/5/2016,6/7/2016,139.9618073,99,Control
SMG05,0.030543897,33.40757,-117.20253,177.1222945,85m,Santa Ana Mountains,2018,ROCK 5,7/28/2018,8/2/2018,206.2568054,99,Control
CT_MS4-SMG-062,0.007576757,33.37378,-117.25289,203.2867337,85f,Diegan Coastal Hills and Valleys,2014,TOMAHAWK,5/19/2014,NA,5365.311035,25,Control
801SARBPD,0.005755211,33.88346,-117.6459,139.6805321,85k,Inland Valleys,2020,BLUE RIDGE,10/26/2020,11/2/2020,13694.53223,189,Control
MURR_902MS44062,0.011634576,33.58216,-117.256209,371.1885045,85k,Inland Valleys,2019,TENAJA,9/4/2019,9/14/2019,1939.535767,269,Control
CT_MS4-SLR-151,0.024792067,33.37854,-117.2362,221.6092723,85f,Diegan Coastal Hills and Valleys,2014,TOMAHAWK,5/19/2014,NA,5365.311035,25,Control
WILD_902MS45026,0.03944574,33.59710897,-117.2228056,420.1618152,85k,Inland Valleys,2019,TENAJA,9/4/2019,9/14/2019,1939.535767,213,Control
WW-M6,0.011814435,33.9268,-117.625,160.7801775,85k,Inland Valleys,2015,HIGHWAY,4/18/2015,4/24/2015,1048.689331,309,Control
CT_MS4-SMG-021,0.008009953,33.37477,-117.25259,203.7704151,85f,Diegan Coastal Hills and Valleys,2014,TOMAHAWK,5/19/2014,NA,5365.311035,25,Control
801S00375,0.012751957,34.10902,-117.15272,439.3651954,85k,Inland Valleys,2018,KING,8/6/2018,8/10/2018,11.45533466,329,Control
801SNP001,0.019104471,34.2442,-117.50727,964.8786587,8e,Southern California Lower Montane Shrub and Woodland,2016,BLUE CUT,8/16/2016,8/26/2016,36266.69531,202,Control
801S40887,0.022289394,33.76317,-117.46378,311.7455829,85k,Inland Valleys,2018,HOLY,8/6/2018,10/17/2018,23025.39648,121,Control
801WE1043,0.021913746,34.17289,-117.18064,678.5045111,8e,Southern California Lower Montane Shrub and Woodland,2017,MART,6/27/2017,7/8/2017,669.2086792,82,Control
801M15530,0.002945382,34.07865754,-117.0671731,741.8886957,85k,Inland Valleys,2020,MENTONE,10/12/2020,10/13/2020,47.2725296,321,Control
801BBGC01,0.054690886,34.2694466,-116.9484374,2066.858568,8f,Southern California Montane Conifer Forest,2015,SUMMIT3,8/23/2015,9/20/2015,55.59500122,22,Control
801M15378,0.019151602,34.244337,-117.50775,965.9007034,8e,Southern California Lower Montane Shrub and Woodland,2016,BLUE CUT,8/16/2016,8/26/2016,36266.69531,202,Control
901S01849,0.054517004,33.555239,-117.397797,446.4339608,85m,Santa Ana Mountains,2021,CHAPARRAL,8/28/2021,9/9/2021,1427.292969,18,Control
901NP9CSC,0.03689548,33.5919,-117.5216,243.631842,85f,Diegan Coastal Hills and Valleys,2020,NICHOLS,7/9/2020,7/10/2020,8.119417191,63,Control
405SGRAAG,0.010932843,34.26448,-117.74751,747.9957561,8e,Southern California Lower Montane Shrub and Woodland,2014,SHOEMAKER,8/14/2014,9/14/2014,190.0584412,31,Control
801DRC025,0.024875621,34.1739,-116.9839,1369.492746,8e,Southern California Lower Montane Shrub and Woodland,2020,EL DORADO,9/5/2020,11/16/2020,22503.70703,163,Control
628PS2063,0.079062293,34.29951,-117.12427,1302.816145,8c,Arid Montane Slopes,2016,PILOT,8/7/2016,NA,8110.85498,111,Control
902MCGSxx,0.011702442,33.479559,-117.143637,302.1123918,85k,Inland Valleys,2016,CHECKPOINT,7/18/2016,7/18/2016,10.14399338,73,Control
801BBL705,0.028656203,34.2611101,-116.8886161,2059.263762,8f,Southern California Montane Conifer Forest,2015,SUMMIT3,8/23/2015,9/20/2015,55.59500122,46,Control
801MLC069,0.017717386,34.2481,-117.51276,1008.242516,8e,Southern California Lower Montane Shrub and Woodland,2016,BLUE CUT,8/16/2016,8/26/2016,36266.69531,202,Control
CT_MS4-SMG-087,0.020951355,33.42356,-117.14336,334.2682806,85g,Diegan Western Granitic Foothills,2016,TEMECULA,6/5/2016,6/7/2016,139.9618073,99,Control
903M20177,0.014495259,33.39673,-117.11527,288.8722536,85g,Diegan Western Granitic Foothills,2021,ARUBA,9/5/2021,9/9/2021,54.22581482,72,Control
USFS_SAR2,0.012075752,34.17107,-116.95018,1460.797536,8e,Southern California Lower Montane Shrub and Woodland,2020,EL DORADO,9/5/2020,11/16/2020,22503.70703,235,Control
PLNCR1,0.001695006,34.17677,-117.1155,1169.927517,8e,Southern California Lower Montane Shrub and Woodland,2020,MOUNT R,7/3/2020,7/6/2020,61.77012634,280,Control
KLLCR1,0.055884515,34.16806,-117.0513,1156.212934,8e,Southern California Lower Montane Shrub and Woodland,2020,MOUNT R,7/3/2020,7/6/2020,61.77012634,203,Control
CT_MS4-SMG-097,0.022959191,33.42376,-117.15146,327.7859863,85g,Diegan Western Granitic Foothills,2016,TEMECULA,6/5/2016,6/7/2016,139.9618073,99,Control
801BBSCW1,0.015197438,34.2486793,-116.8937767,2072.895462,8f,Southern California Montane Conifer Forest,2015,SUMMIT3,8/23/2015,9/20/2015,55.59500122,46,Control
MLLCR1,0.000586627,34.1024,-117.01242,1048.113052,8e,Southern California Lower Montane Shrub and Woodland,2020,EL DORADO,9/5/2020,11/16/2020,22503.70703,313,Control
902MS4243,0.026001824,33.609,-117.29,393.2316676,85k,Inland Valleys,2017,WILDOMAR,10/26/2017,11/8/2017,866.2730103,113,Control
801S05127,0.047878207,34.182821,-117.009682,1200.148777,8e,Southern California Lower Montane Shrub and Woodland,2020,EL DORADO,9/5/2020,11/16/2020,22503.70703,193,Control
CT_MS4-SMG001,0.00733872,33.37477,-117.25327,202.9303485,85f,Diegan Coastal Hills and Valleys,2014,TOMAHAWK,5/19/2014,NA,5365.311035,25,Control
902MS4144,0.06030414,33.4829,-117.077,341.7677599,85k,Inland Valleys,2016,CHECKPOINT,7/18/2016,7/18/2016,10.14399338,137,Control
801S02123,0.024044618,34.10814,-117.20168,368.4819329,85k,Inland Valleys,2020,ORANGE,9/19/2020,10/6/2020,35.97918701,273,Control
902USM828,0.007487116,33.47335,-117.14344,305.7023862,85m,Santa Ana Mountains,2016,CHECKPOINT,7/18/2016,7/18/2016,10.14399338,73,Control
801S05383,0.041622694,34.165637,-117.015477,1084.815586,8e,Southern California Lower Montane Shrub and Woodland,2020,EL DORADO,9/5/2020,11/16/2020,22503.70703,193,Control
628HOL001,0.023742052,34.27546,-117.05047,1688.061232,8f,Southern California Montane Conifer Forest,2015,GREEN,6/4/2015,6/8/2015,3.370711565,154,Control
801RB8396,0.003101184,34.23603081,-117.4323248,698.0117924,85k,Inland Valleys,2018,KENBROOK,9/26/2018,10/15/2018,51.38762283,201,Control
801S02567,0.019117062,34.18472,-116.89688,1683.93791,8f,Southern California Montane Conifer Forest,2022,RADFORD,9/5/2022,11/9/2022,1079.279175,34,Control
801RB8501,0.000865852,34.09189455,-116.9424325,1465.859451,8e,Southern California Lower Montane Shrub and Woodland,2020,EL DORADO,9/5/2020,11/16/2020,22503.70703,114,Control
719WWRPDS,0.00125141,33.98753,-116.65279,774.2625998,8c,Arid Montane Slopes,2020,WATER,8/2/2020,8/2/2020,36.02037811,314,Control
801SAR528,0.008499698,33.87475,-117.71311,120.1795772,85d,Los Angeles Plain,2020,BLUE RIDGE,10/26/2020,11/2/2020,13694.53223,274,Control
801RB8590,0.003601416,34.17256,-116.83406,1898.424331,8f,Southern California Montane Conifer Forest,2015,LAKE,6/17/2015,12/31/2015,31284.44141,281,Control
628PS1019,0.040724077,34.33577638,-117.1611729,1133.399084,8c,Arid Montane Slopes,2016,PILOT,8/7/2016,NA,8110.85498,186,Control
801RB8751,0.003216141,34.19146,-117.27421,636.8410876,8e,Southern California Lower Montane Shrub and Woodland,2017,MILE,7/31/2017,8/7/2017,67.45030975,305,Control
801CCCCTT,0.042755098,34.1839,-117.62719,890.2897804,8e,Southern California Lower Montane Shrub and Woodland,2015,SHINN,8/11/2015,8/12/2015,11.24280739,115,Control
801PLC469,0.01327208,34.11079861,-117.1458803,454.7917269,85k,Inland Valleys,2018,KING,8/6/2018,8/10/2018,11.45533466,329,Control
801RB8445,0.006303921,34.16543,-116.93403,1674.60074,8f,Southern California Montane Conifer Forest,2020,EL DORADO,9/5/2020,11/16/2020,22503.70703,235,Control
RBC02,0.030848436,33.41544,-117.15199,319.4978034,85m,Santa Ana Mountains,2016,TEMECULA,6/5/2016,6/7/2016,139.9618073,99,Control
SMC04661,0.009965996,33.40607,-117.225,126.0526723,85m,Santa Ana Mountains,2018,VISTA,6/5/2018,6/6/2018,12.10395336,99,Control
MS4-SLR-160,0.011802291,33.34572573,-117.2406778,153.436652,85f,Diegan Coastal Hills and Valleys,2014,TOMAHAWK,5/19/2014,NA,5365.311035,252,Control
LEP2,0.020265429,33.66788,-117.36949,380,85k,Inland Valleys,2018,HOLY,8/6/2018,10/17/2018,23025.39648,276,Control
RBC04,0.036921314,33.41233,-117.15972,318.1835838,85m,Santa Ana Mountains,2016,TEMECULA,6/5/2016,6/7/2016,139.9618073,99,Control
MS4-SMG-021,0.007316957,33.37459148,-117.2532631,202.2633402,85f,Diegan Coastal Hills and Valleys,2014,TOMAHAWK,5/19/2014,NA,5365.311035,25,Control
7-394,0.007079317,34.2955,-118.416,364.854518,85d,Los Angeles Plain,2017,CREEK,12/5/2017,12/5/2017,15619.14648,156,Control
DC01,0.031075385,33.464001,-117.170805,361.4161225,85m,Santa Ana Mountains,2016,TEMECULA,6/5/2016,6/7/2016,139.9618073,316,Control
SC-SCD,0.006571577,33.42271,-117.24916,132.1315148,85m,Santa Ana Mountains,2018,ROCK 5,7/28/2018,8/2/2018,206.2568054,99,Control
RC_902MS42240,0.069319132,33.4866,-117.0636,348.8699818,85k,Inland Valleys,2016,PALA 3,5/31/2016,7/2/2016,66.19797516,137,Control
CT_MS4-SLR-156,0.023179924,33.3547,-117.23313,175.341554,85f,Diegan Coastal Hills and Valleys,2014,TOMAHAWK,5/19/2014,NA,5365.311035,252,Control
CT_MS4-SLR-160,0.011946062,33.34574,-117.24052,153.8727172,85f,Diegan Coastal Hills and Valleys,2014,TOMAHAWK,5/19/2014,NA,5365.311035,252,Control
WILD_902MS45031,0.035394928,33.6037,-117.2787,383.1583637,85k,Inland Valleys,2017,WILDOMAR,10/26/2017,11/8/2017,866.2730103,113,Control
P1-6,0.017377272,34.248,-117.511,1005.789194,8e,Southern California Lower Montane Shrub and Woodland,2016,BLUE CUT,8/16/2016,8/26/2016,36266.69531,202,Control
MURR_902MS44034,0.045820293,33.5475273,-117.1718826,328.3710348,85k,Inland Valleys,2014,SANTA,6/4/2014,6/5/2014,13.35748196,105,Control
902S00565,0.003017836,33.410319,-117.239036,111.7156046,85m,Santa Ana Mountains,2018,VISTA,6/5/2018,6/6/2018,12.10395336,99,Control
801SNP002,0.061563163,34.2559,-117.64111,1606.966826,8f,Southern California Montane Conifer Forest,2021,ANTONIO,8/3/2021,8/4/2021,49.89997864,265,Control
801FDCCCR,0.00187395,34.17,-117.12977,959.7833151,8e,Southern California Lower Montane Shrub and Woodland,2017,DOLLAR,7/22/2017,7/23/2017,36.30345917,280,Control
801M15377,0.006016374,34.21799,-117.46219,752.5654514,8e,Southern California Lower Montane Shrub and Woodland,2021,SOUTH,8/25/2021,9/2/2021,810.9694824,202,Control
801SAR124,0.03148626,34.12656,-117.07716,700.0273956,8e,Southern California Lower Montane Shrub and Woodland,2017,BRIDGE 2,7/14/2017,7/14/2017,460.2895813,38,Control
901NP9HJC,0.002195419,33.68461,-117.51474,604.6010318,85m,Santa Ana Mountains,2018,HOLY,8/6/2018,10/17/2018,23025.39648,318,Control
801M15511,0.01170991,34.17707488,-116.844262,1865.616944,8f,Southern California Montane Conifer Forest,2015,LAKE,6/17/2015,12/31/2015,31284.44141,281,Control
801S31343,0.016919759,34.24087,-116.87125,2097.814018,8f,Southern California Montane Conifer Forest,2022,RADFORD,9/5/2022,11/9/2022,1079.279175,198,Control
801BBAG01,0.021043583,34.23554,-116.928,2103.213061,8f,Southern California Montane Conifer Forest,2015,SUMMIT3,8/23/2015,9/20/2015,55.59500122,46,Control
801BBL704,0.017579352,34.2474764,-116.9180441,2059,8f,Southern California Montane Conifer Forest,2015,SUMMIT3,8/23/2015,9/20/2015,55.59500122,46,Control
801EBC686,0.008594504,34.16918,-116.89195,1935.824602,8f,Southern California Montane Conifer Forest,2020,EL DORADO,9/5/2020,11/16/2020,22503.70703,34,Control
901NP9TNC,0.025962892,33.526506,-117.405504,366.3227735,85m,Santa Ana Mountains,2021,CHAPARRAL,8/28/2021,9/9/2021,1427.292969,18,Control
901NP9LAC,0.047167267,33.550724,-117.383949,439.3582402,85m,Santa Ana Mountains,2021,CHAPARRAL,8/28/2021,9/9/2021,1427.292969,18,Control
901NP9FLC,0.007489022,33.67583,-117.53655,489.1879756,85m,Santa Ana Mountains,2018,JIM,6/5/2018,6/18/2018,0.595499456,141,Control
902TCI15x,0.004723391,33.47469,-117.138,301.0179704,85k,Inland Valleys,2016,CHECKPOINT,7/18/2016,7/18/2016,10.14399338,73,Control
801MIC272,0.004108603,34.08788,-116.91434,1669.571014,8f,Southern California Montane Conifer Forest,2020,EL DORADO,9/5/2020,11/16/2020,22503.70703,114,Control
CT_MS4-SMG-099,0.015443541,33.42933,-117.1447,348.4961646,85g,Diegan Western Granitic Foothills,2016,TEMECULA,6/5/2016,6/7/2016,139.9618073,99,Control
CT_MS4-SMG-086,0.027061305,33.41813,-117.14783,320.8314,85m,Santa Ana Mountains,2016,TEMECULA,6/5/2016,6/7/2016,139.9618073,99,Control
801M16704,0.028577368,34.2099,-117.12035,1820.444763,8f,Southern California Montane Conifer Forest,2020,MOUNT R,7/3/2020,7/6/2020,61.77012634,40,Control
DRCR1,0.024895434,34.17384,-116.984,1368.105997,8e,Southern California Lower Montane Shrub and Woodland,2020,EL DORADO,9/5/2020,11/16/2020,22503.70703,163,Control
902M20161,0.025854848,33.41868,-117.14384,322.0026767,85m,Santa Ana Mountains,2016,TEMECULA,6/5/2016,6/7/2016,139.9618073,99,Control
PLNCR2,0.001738013,34.17486,-117.1111,1216.311838,8e,Southern California Lower Montane Shrub and Woodland,2020,MOUNT R,7/3/2020,7/6/2020,61.77012634,280,Control
HLCCR1,0.048220758,34.30041,-116.982,1995.405392,8f,Southern California Montane Conifer Forest,2015,GREEN,6/4/2015,6/8/2015,3.370711565,200,Control
sar1,0.00183258,34.1704,-116.8276,1924.6786,8f,Southern California Montane Conifer Forest,2015,LAKE,6/17/2015,12/31/2015,31284.44141,281,Control
